{"cameraMode":{"drawMode":0,"name":"Shaded","section":"Shading Mode"},"sceneLighting":true,"audioPlay":false,"sceneViewState":{"m_AlwaysRefresh":false,"showFog":true,"showSkybox":true,"showFlares":true,"showImageEffects":true,"showParticleSystems":true,"showVisualEffectGraphs":true,"m_FxEnabled":true},"in2DMode":false,"pivot":{"x":5.911035060882568,"y":4.988409519195557,"z":-0.8943512439727783},"rotation":{"x":-0.021126190200448037,"y":0.9785208106040955,"z":-0.15772278606891633,"w":-0.13111619651317597},"size":2.176750659942627,"orthographic":false}